rmse,sigma,score.log,score.spherical
3.854980111111868,3.9224192801981883,-2.7187015240234564,0.043486320477668684
